{"DefaultTint":{"r":0.6000000238418579,"g":0.6000000238418579,"b":0.699999988079071,"a":0.0},"FoldersData":{"Keys":["99a39a49aeec5d8478f73349464d44af","9c53962885c2c4f449125a979d6ad240"],"Values":[{"_guid":"99a39a49aeec5d8478f73349464d44af","_color":{"r":0.800000011920929,"g":0.7321267127990723,"b":0.24000000953674317,"a":0.699999988079071},"_recursive":true},{"_guid":"9c53962885c2c4f449125a979d6ad240","_color":{"r":0.16420435905456544,"g":0.46614956855773928,"b":0.7735849022865295,"a":0.9215686321258545},"_recursive":true}]}}